{"cameraMode":{"drawMode":0,"name":"Shaded","section":"Shading Mode"},"sceneLighting":false,"audioPlay":false,"sceneViewState":{"m_AlwaysRefresh":false,"showFog":true,"showSkybox":false,"showFlares":true,"showImageEffects":true,"showParticleSystems":true,"showVisualEffectGraphs":true,"m_FxEnabled":true},"in2DMode":false,"pivot":{"x":-0.1250682771205902,"y":0.5479859709739685,"z":-0.13204137980937959},"rotation":{"x":0.2257184237241745,"y":0.0700693279504776,"z":-0.016252655535936357,"w":0.9713945388793945},"size":0.808548092842102,"orthographic":false}