{"cameraMode":{"drawMode":0,"name":"Shaded","section":"Shading Mode"},"sceneLighting":false,"audioPlay":false,"sceneViewState":{"m_AlwaysRefresh":false,"showFog":true,"showSkybox":false,"showFlares":true,"showImageEffects":true,"showParticleSystems":true,"showVisualEffectGraphs":true,"m_FxEnabled":true},"in2DMode":false,"pivot":{"x":-1.1936419010162354,"y":0.5623870491981506,"z":0.4338217079639435},"rotation":{"x":-0.23608295619487763,"y":-0.059134189039468768,"z":0.014404663816094399,"w":-0.9697108268737793},"size":1.4155815839767457,"orthographic":false}